Time(Iteration),EpsilonGreedyLinearBandit,EpsilonGreedyMultiArmedBandit
0,0.43861987807291863,0.301168605647817
1,0.8450043200849043,0.5815595778063569
2,1.2164914210014042,0.9409878558263509
3,1.6007181850386172,1.3266485493578752
4,1.9741195407549477,1.6839221380798304
5,2.266577963530486,1.9709359911741902
6,2.504397566168822,2.327673389382322
7,2.8068811646078045,2.74807667618741
8,2.9700534923815285,3.1606374115962392
9,3.200160113806292,3.5081571019373072
10,3.3280270454976337,3.8009886309870367
11,3.555007882378323,4.14214186004521
12,3.704577119441958,4.422949980954028
13,3.9169528322141276,4.648809454266123
14,4.196156188535355,4.926316624871483
15,4.386705247422592,5.296029149432474
16,4.557133744766501,5.527352953089315
17,4.842613063631314,5.8151487367601105
18,5.129162800454061,6.012942099247692
19,5.362376531176521,6.219916041094342
20,5.572564282961398,6.52529289314172
21,5.727060234167612,6.80269757324628
22,5.831957016824236,7.0994633785267975
23,6.001664871052566,7.327019850834451
24,6.1537532774850625,7.566413275399742
25,6.248713032422801,7.723834029135001
26,6.40296850618564,7.9454742002438845
27,6.487114480188209,8.181936677262218
28,6.65035333675704,8.435583141768763
29,6.835032900273316,8.632395514098103
30,7.05811022388597,8.853451143694059
31,7.360488692022395,9.03877460426721
32,7.554036075579523,9.361801388018385
33,7.7878835751742015,9.545104200803602
34,7.877200192435991,9.776956060224707
35,8.128036369279382,9.919269016965487
36,8.209300043348405,10.141378585683388
37,8.344260603506454,10.37483028213802
38,8.508020465495651,10.59285412736177
39,8.663686858201345,10.758302269488231
40,8.734695723513491,10.890349653818362
41,8.915975828277038,11.197875344795461
42,9.088909846131124,11.460396484212957
43,9.311724155931659,11.629235736840432
44,9.52201621356146,11.989527720991127
45,9.622809415728096,12.151374545719513
46,9.777631124873258,12.306860354465925
47,9.970262753321627,12.571285549624848
48,10.132099072817756,12.725439284776726
49,10.184853471252053,12.926216656889816
50,10.367655822019263,13.165231487481808
51,10.44771913574855,13.41569234697666
52,10.685816218755372,13.712700357899468
53,10.84068017683536,13.832709654289237
54,10.949061313834527,13.998251911971414
55,11.112741282177641,14.141947634150819
56,11.229102256195242,14.350036003691006
57,11.446623646456384,14.59096937224616
58,11.56558819140706,14.708710579722808
59,11.681980753515301,14.883344371857078
60,11.859172068405364,15.008824918919794
61,12.070246618376595,15.147488981264711
62,12.181568304098814,15.366018444888997
63,12.308862411234674,15.572813554981071
64,12.507192886272485,15.70214698338223
65,12.549075233062958,15.931953078642014
66,12.634780189035652,16.062356377002395
67,12.671855170654604,16.167163427411033
68,12.777727912947658,16.275809401352856
69,12.886313238305359,16.44100972102369
70,13.088013229641371,16.65762947054389
71,13.232717721334907,16.904728082506267
72,13.410034556037541,17.064275557527303
73,13.54466472892049,17.31073984365117
74,13.610536541439311,17.54046323940455
75,13.720219144153138,17.692717921441574
76,13.78111474838668,17.83517058558657
77,13.800242762581707,17.949982844071425
78,13.933919306134138,18.04195372608107
79,14.077927606031233,18.13667320763519
80,14.235557590792883,18.2382225455854
81,14.423015792695306,18.323402664034088
82,14.540455830024726,18.476212724504087
83,14.71420586095923,18.679750796772428
84,14.818721703454642,18.937725649709183
85,14.936162964375788,19.107414394557328
86,15.02791936612563,19.32989450660375
87,15.058704174675322,19.450012023317683
88,15.144735854055577,19.62336286466287
89,15.29020598376078,19.75587591052153
90,15.416147926058063,20.047709271226967
91,15.595326162979077,20.185178188547923
92,15.68015988735144,20.318429697950172
93,15.8460029580226,20.48681294446572
94,15.868016777822012,20.666577222812865
95,16.01288249296834,20.778550970629787
96,16.15816550029162,20.937579137323294
97,16.214856311494238,21.077763712555168
98,16.23687013129365,21.14730230140014
99,16.419913596457338,21.25900560190817
100,16.601940797120015,21.416433655988072
101,16.774908216482416,21.458756249247237
102,16.950032442505087,21.544610825950322
103,17.11742151349272,21.735098245917897
104,17.268287811602896,21.791964187887483
105,17.353212283569228,21.878659545593212
106,17.37522610336864,22.010254933135425
107,17.479035785939416,22.154670696102283
108,17.629462064403338,22.308065593295602
109,17.786365598596472,22.350388186554767
110,17.83116507340891,22.52938169380868
111,17.902527181038597,22.646611535081487
112,18.085042073492136,22.727649873926058
113,18.231080718895285,22.769972467185223
114,18.312111358683197,22.91570218840294
115,18.43187029050137,22.990681705803876
116,18.60802411422202,23.135913132343155
117,18.68643492748042,23.361708883917988
118,18.705562941675446,23.459826968845185
119,18.890502106845947,23.59348995775426
120,18.965601542308157,23.681750780240947
121,19.074026719040702,23.72407337350011
122,19.192128037274937,23.76639596675928
123,19.366721359184773,24.05919699626668
124,19.404329701888372,24.101519589525846
125,19.5139447358326,24.193148299147737
126,19.525026311713965,24.38835167171141
127,19.734982677632587,24.479448075616578
128,19.92510501080569,24.57941868785409
129,19.960846155496835,24.74292116310639
130,20.063808217684716,24.785243756365556
131,20.17973143802199,24.915921331513086
132,20.249108318096365,25.10055835512016
133,20.345999459863336,25.142880948379325
134,20.505601328061086,25.347798982082317
135,20.556269642503302,25.390121575341485
136,20.567351218384665,25.493918232804877
137,20.581746971982586,25.545269426039635
138,20.682671036642606,25.587592019298803
139,20.74766533296832,25.684784526961703
140,20.758746908849687,25.72710712022087
141,20.90020535137718,25.819450039919722
142,20.911286927258548,25.980875998335296
143,21.110515014117006,26.11407738165902
144,21.22920440498276,26.320884763649907
145,21.31470741158288,26.406706377849112
146,21.47692636538133,26.49780278175428
147,21.523146752778693,26.692272353649827
148,21.680118767287233,26.7438187226801
149,21.861579695481876,26.874223669707654
150,21.993979395194728,26.91654626296682
151,22.017920918748803,26.958868856225983
152,22.027883206364088,27.057463717661896
153,22.10813614700664,27.099786310921065
154,22.369980237960064,27.17520035035235
155,22.574139719401806,27.366486698148993
156,22.58233548967879,27.4810765090994
157,22.662925823767704,27.64719666052639
158,22.7818023847152,27.723029122061313
159,22.881350409508904,27.822606778127703
160,22.9315876675417,27.86492937138687
161,23.1310147163784,27.99535455332981
162,23.338601120956262,28.037677146588976
163,23.34968269683763,28.17351570190735
164,23.41654824845638,28.215838295166513
165,23.49338318907635,28.34233999665014
166,23.60075970755171,28.38693067882243
167,23.788215313823606,28.521889548381647
168,23.857062923967987,28.735354821914218
169,23.944210375803998,28.86713400004167
170,23.955291951685364,29.04442048220818
171,24.0684530149288,29.197161000987553
172,24.15883741258022,29.28831268583009
173,24.259372708137754,29.45507719673433
174,24.35709660556198,29.60877637497818
175,24.420468939908236,29.677612897685453
176,24.442745164518264,29.8106616630715
177,24.454779858328433,29.938429980851254
178,24.549847487724612,29.98075257411042
179,24.62557859340552,30.1355359193381
180,24.776272820756017,30.219404268409768
181,24.82492009630799,30.306993025608524
182,24.84282679322508,30.39347460736433
183,24.860733490142163,30.48866319482429
184,24.93193664659626,30.643381526486145
185,25.090226266224494,30.729936127361935
186,25.246054912498487,30.82115700093525
187,25.398093190125127,30.886159968564176
188,25.596690745746983,30.998499165722176
189,25.637895183571977,31.11214401876132
190,25.7060003878712,31.17755626430569
191,25.714196158148177,31.219878857564858
192,25.794902940756277,31.328584386044536
193,25.919947794955768,31.370906979303705
194,26.12106271861844,31.537943608815464
195,26.12925848889542,31.634121942803574
196,26.225752703182714,31.801384059330786
197,26.276496217895847,31.86749767722869
198,26.355454192779707,31.94160334434274
199,26.37630110148944,32.05513943477977
200,26.38449687176642,32.13364742067629
201,26.538784792195298,32.34505648013063
202,26.580174144333977,32.53909157374971
203,26.838634433561783,32.58141416700887
204,26.898367643956696,32.78305240984645
205,26.97373296500699,32.846464397641945
206,27.019237782045973,32.913955062054136
207,27.027433552322954,33.138311812866775
208,27.11346633887306,33.30981484560754
209,27.149880675097258,33.41797844433469
210,27.177971348188926,33.46030103759386
211,27.23516216397864,33.56369161306706
212,27.266449764194753,33.66064740859578
213,27.44499189607194,33.75885034732085
214,27.59481051028332,33.850396825207525
215,27.6030062805603,33.86197883983181
216,27.668000576886016,33.87356085445609
217,27.79223934293803,34.02732566304062
218,27.80043511321501,34.09706585299638
219,27.87723380458483,34.21836219301288
220,27.948958798402863,34.25898912630783
221,28.03368401729666,34.28742979468857
222,28.04187978757364,34.420764703657206
223,28.08850680520237,34.43234671828149
224,28.15537235682112,34.526533264852226
225,28.288509816381485,34.53811527947651
226,28.306470919486834,34.63694129047818
227,28.443508187445644,34.64852330510246
228,28.45170395772262,34.781088044309655
229,28.518917117516896,34.792670058933936
230,28.637837510936357,34.85531060775453
231,28.733316738283055,34.86689262237881
232,28.820466726559808,35.00969591280839
233,28.96884073810139,35.04049889108735
234,29.037766868446205,35.052080905711634
235,29.045962638723182,35.28958781761866
236,29.065521731448104,35.408664262414945
237,29.157462039937393,35.48776650471338
238,29.192171739662477,35.61929019812039
239,29.259892381169397,35.641137785155315
240,29.268088151446374,35.68470908637635
241,29.41771553480877,35.69629110100063
242,29.512935259282216,35.761020895491114
243,29.593705912222163,35.82521392306041
244,29.60190168249914,35.93870990415404
245,29.720208800149187,36.1917721728306
246,29.86362366311922,36.26135856137231
247,29.954626055911614,36.32088392304609
248,30.081634471410524,36.33246593767037
249,30.10113115080843,36.34404795229465
250,30.231672372526255,36.39112560546063
251,30.265311919584217,36.455573614285704
252,30.279707673182134,36.471341958673165
253,30.33712732808662,36.482923973297446
254,30.510654039383684,36.53803797136564
255,30.591814515281946,36.597077353279126
256,30.665846264779493,36.61587455965869
257,30.718048078542324,36.730535856622375
258,30.741827833202183,36.776347168634224
259,30.851597865111195,36.87684600637564
260,31.013674192424805,36.954609798730104
261,31.037453947084664,37.02520920287168
262,31.15204865830332,37.16310351032068
263,31.290173741273406,37.2036217321628
264,31.367942354716178,37.21520374678708
265,31.458823707221075,37.306475878773504
266,31.538370868999767,37.509388691523505
267,31.66386763985787,37.520970706147786
268,31.758124754854357,37.56522756026148
269,31.766320525131334,37.660806696541
270,31.807191134897728,37.74983819740462
271,31.919503831055152,37.79442249941943
272,32.029229336107264,37.92056116119313
273,32.19275102107673,38.04394505566409
274,32.23854692408832,38.074811474129845
275,32.4476333324324,38.144458093398256
276,32.52788627307496,38.207126920195755
277,32.53608204335194,38.27185671468624
278,32.62540994852466,38.405633210575154
279,32.64918970318452,38.47026147923599
280,32.737048678174276,38.52712671312797
281,33.001233310001325,38.597726117269545
282,33.0966730766557,38.609308131893826
283,33.104868846932675,38.631822390436156
284,33.17063146855581,38.71342100895927
285,33.178827238832795,38.77212189495171
286,33.18702300910977,38.78370390957599
287,33.2587480029278,38.92985990739281
288,33.26694377320478,38.965354653980526
289,33.40344916753975,39.095968231680175
290,33.52063303740142,39.14702052138776
291,33.66328085820459,39.287808674442445
292,33.76631800492355,39.32048008360306
293,33.90363855158324,39.415733195425915
294,33.9568919444799,39.46507487133205
295,33.965087714756876,39.47665688595633
296,34.013030803633754,39.52355503265233
297,34.02122657391073,39.595259666642605
298,34.1373524528489,39.6527799104944
299,34.27117059623441,39.8282829791708
300,34.384436162777625,39.89448948953958
301,34.539618894783956,40.06644221345493
302,34.68900843431067,40.07802422807921
303,34.69720420458765,40.12138931655837
304,34.74702081723809,40.171331535401954
305,34.89913732442348,40.291994369529704
306,34.91879228061211,40.381604533300184
307,35.0979969121733,40.393186547924465
308,35.31440681535269,40.50804168234139
309,35.32260258562967,40.519623696965674
310,35.40470248891623,40.594896847763245
311,35.412898259193206,40.71108116187899
312,35.57638054096163,40.878296331196864
313,35.6963475356577,40.93872628617436
314,35.791316709403446,40.95030830079864
315,35.90229767819559,40.988133091985745
316,36.04605441758666,41.13977902286891
317,36.08002635090606,41.2382059206954
318,36.11902289209215,41.31339451090299
319,36.148937473434145,41.68703807415257
320,36.19351563023564,41.85435166633328
321,36.201711400512615,41.86593368095756
322,36.337668447584704,41.87751569558184
323,36.461387757354785,41.997906678818225
324,36.46958352763177,42.204695814129266
325,36.49814507281491,42.27700818882138
326,36.595939500257494,42.399944378864426
327,36.76711359024979,42.505225641802255
328,36.77530936052678,42.59859013462055
329,36.893046944839114,42.74496298564591
330,36.95967802047643,42.82477071073842
331,36.967873790753416,42.96649361121054
332,37.014119440837035,43.052059630928426
333,37.108583270991105,43.06364164555271
334,37.18069067961069,43.25605644175435
335,37.24718175408067,43.31663350189137
336,37.30659087678421,43.50199372650648
337,37.36211142780785,43.51357574113076
338,37.394975841633,43.613881889555394
339,37.433097442673116,43.625463904179675
340,37.52959165696041,43.66013774874309
341,37.53778742723739,43.7782288267838
342,37.561044359333906,43.789810841408084
343,37.64882385279022,43.801392856032365
344,37.6570196230672,44.04846334075835
345,37.78391199756161,44.111838336226874
346,37.846740970108144,44.154221121760266
347,37.85493674038513,44.16580313638455
348,37.863132510662105,44.20807805082105
349,37.87132828093908,44.22868866542093
350,37.87952405121606,44.240270680045214
351,37.96064938446215,44.2651359187034
352,38.0076726511813,44.38668519263139
353,38.08654447430278,44.442706182397934
354,38.094740244579754,44.55211626306272
355,38.23703907628565,44.70309675900372
356,38.245234846562624,44.75086416626536
357,38.40314131168263,44.81167006551715
358,38.411337081959616,44.924946118090915
359,38.47854967222509,45.01798222940832
360,38.53180306512175,45.0295642440326
361,38.53999883539873,45.14373827248786
362,38.58138818753741,45.20294819299814
363,38.6245860322292,45.2338146114639
364,38.698991949022556,45.31127280157277
365,38.71706243865059,45.349442462186914
366,38.869997505380866,45.37372265558969
367,39.00808282272574,45.47839532099662
368,39.088148611422376,45.4899773356209
369,39.11938530853564,45.5644887476786
370,39.21574414034098,45.576070762302884
371,39.33826058230275,45.7385018670842
372,39.4254939999642,45.750083881708484
373,39.49120859332254,45.89294975467725
374,39.55291639243789,45.97042701921378
375,39.56111216271487,45.98200903383806
376,39.63332579257269,45.99359104846234
377,39.702995627053895,46.09033214739951
378,39.725862952805535,46.10191416202379
379,39.755143948541495,46.11349617664807
380,39.76333971881847,46.34157325737279
381,39.896506016222716,46.47452165399751
382,39.90470178649969,46.486103668621794
383,39.958930628897136,46.497685683246075
384,39.96712639917411,46.57168151791467
385,39.97532216945109,46.68395477099476
386,40.073116596893676,46.704565385594634
387,40.12809756078855,46.768155235277405
388,40.16896817055494,46.8791559261635
389,40.17716394083192,46.91115022624441
390,40.24215823715763,46.980890416200175
391,40.33003197111555,47.062187529842234
392,40.38611098688206,47.073769544466515
393,40.394306757159036,47.10241621241128
394,40.49979808850294,47.147508095311316
395,40.61678017442917,47.187386683269644
396,40.62497594470615,47.23855037752067
397,40.73525589057979,47.34411792334546
398,40.74345166085677,47.405720264409425
399,40.83745699701936,47.417302279033706
400,40.89942414361056,47.42888429365799
401,40.90761991388754,47.54531202879158
402,41.0007351110008,47.67374070181307
403,41.053694961522055,47.68532271643735
404,41.06189073179904,47.69690473106163
405,41.09475514562419,47.876095756318925
406,41.19683030729725,47.98520025738132
407,41.33269253668159,48.05403733481283
408,41.41807360199795,48.09383791538433
409,41.50534061777176,48.28311763205339
410,41.67830560119467,48.35956742940886
411,41.836503859606246,48.46469778996338
412,41.93733932919501,48.52999331751796
413,41.99316300535799,48.7371799306036
414,42.00135877563497,48.77769815244572
415,42.07351224798494,48.789280167070004
416,42.26430163475316,48.8468004109218
417,42.33009242861233,48.87683635141945
418,42.3758509958969,48.88841836604373
419,42.3994965757672,48.90000038066801
420,42.407692346044186,49.02376488102321
421,42.44371241127907,49.13009950489459
422,42.45190818155605,49.162368973978204
423,42.513251731699235,49.21089779322584
424,42.52764748529715,49.22247980785012
425,42.69390624381653,49.2340618224744
426,42.74657686629526,49.348102441937
427,42.89218846489136,49.35968445656128
428,42.95421446608843,49.371266471185564
429,42.962410236365415,49.382848485809845
430,43.01642200946641,49.4572424404478
431,43.024617779743394,49.56972586127176
432,43.10052011145084,49.634819904734414
433,43.1640843266351,49.710093055531985
434,43.22083063096713,49.93871181527242
435,43.229026401244106,50.016916185725435
436,43.292308598747695,50.028498200349716
437,43.30050436902467,50.104368792786644
438,43.421360602213994,50.17736295521984
439,43.47964154724156,50.2699657652809
440,43.5205848618003,50.34775792642156
441,43.561455471566696,50.47388533681536
442,43.64170841220925,50.49954780577268
443,43.754589402470366,50.72504762294545
444,43.85689768333927,50.800320773743024
445,43.86509345361625,50.841828619130446
446,43.92117246938275,51.0282252230822
447,43.96555363229709,51.074946049222476
448,43.973749402574065,51.08652806384676
449,44.03577540377113,51.09811007847104
450,44.09681810350475,51.36897082514522
451,44.15254500282062,51.43339976922614
452,44.21456279565224,51.50298615776785
453,44.36753762330728,51.57323795373391
454,44.58984955545147,51.623647464800364
455,44.60970212008312,51.677927876129104
456,44.74798667676016,51.854627289058406
457,44.75618244703714,52.010994829683135
458,44.846982749260576,52.02257684430742
459,44.85517851953755,52.08767088777008
460,44.876971021326014,52.09925290239437
461,44.94838888113271,52.23590807355922
462,45.0024129824017,52.24749008818351
463,45.146829564444054,52.38268667888983
464,45.200291498660626,52.49326155850925
465,45.29485458613736,52.61440878666995
466,45.30305035641434,52.67787882463792
467,45.37856996424708,52.73868472388972
468,45.52427734563265,52.869143720433044
469,45.532473115909625,52.97513549051987
470,45.612639191690526,53.086159620147455
471,45.640509955658004,53.16841768761624
472,45.66230245744647,53.24049014300523
473,45.80071468938881,53.35267404123715
474,45.958787236317164,53.41796956879175
475,46.0514319804452,53.62154739242275
476,46.21142048354936,53.64465523874137
477,46.21961625382634,53.70485667236841
478,46.26448540297828,53.716438686992696
479,46.32856151872116,53.80253017863097
480,46.395052593191146,53.88393687094858
481,46.47766979418687,53.89551888557287
482,46.48586556446385,53.99710644116699
483,46.53353160982414,54.00868845579127
484,46.628572263303326,54.044930039225335
485,46.63676803358031,54.089520721397626
486,46.676894528132344,54.12577137957008
487,46.68509029840932,54.191175416749026
488,46.693286068686305,54.37941111451821
489,46.755103425157984,54.464747027992246
490,46.87582804426184,54.476329042616534
491,46.970700066172746,54.56449527695967
492,47.04477201193431,54.637551355788176
493,47.169989545646004,54.798848879692514
494,47.247829299197754,54.8017346852969
495,47.25891087507912,54.85167690414048
496,47.267106645356094,54.92499721051613
497,47.27530241563308,55.09868007898257
498,47.387978775758334,55.20007890725119
499,47.421762944677184,55.24719672047221
500,47.48356138839195,55.36185735730756
501,47.49559608220212,55.457506938060114
502,47.5037918524791,55.52737883068899
503,47.62833298865232,55.530264636293374
504,47.85565665523233,55.61606621454497
505,47.86385242550931,55.61895202014936
506,47.94272424863078,55.74163931747154
507,47.95092001890776,55.75738507074864
508,48.058000775190536,55.760270876353026
509,48.08338439274549,55.8782567420695
510,48.18001250697501,55.99650479363023
511,48.21130010719112,56.15750757000514
512,48.219495877468106,56.16039337560952
513,48.22769164774508,56.22062101573226
514,48.261475816663925,56.2812182449173
515,48.282954810974815,56.34059113251182
516,48.3306208563351,56.343476938116204
517,48.33881662661208,56.34636274372059
518,48.44388938726111,56.501459531550154
519,48.60218034356372,56.529013980702715
520,48.63074188874686,56.65905944823843
521,48.63893765902384,56.83647091737812
522,48.647133429300816,56.96205553048079
523,48.7136245037708,57.046781854653794
524,48.755013997324156,57.04966766025818
525,48.82222658758964,57.05255346586257
526,48.83042235786662,57.11326368023077
527,48.85791983080712,57.24779817298047
528,48.89680850089633,57.25068397858486
529,49.01675798300948,57.4192207985579
530,49.17253226510355,57.450403177496334
531,49.27427638131076,57.49133886290737
532,49.31029644654565,57.494224668511755
533,49.3455289779896,57.56712707801497
534,49.35372474826658,57.570012883619356
535,49.361920518543556,57.57289868922375
536,49.423409788885394,57.638203724919755
537,49.68334517485855,57.650313306295246
538,49.722057940395025,57.77331039028172
539,49.84202113033929,57.77619619588611
540,49.850216900616275,57.779082001490494
541,49.85841267089325,57.83784815256079
542,49.92442208001414,57.840733958165174
543,50.01080603178528,57.85455200768761
544,50.075800328110994,57.99356130832864
545,50.18279720139264,58.020832893300074
546,50.24083621233852,58.02371869890446
547,50.264777735892594,58.02660450450885
548,50.387353702417876,58.21750291108462
549,50.44937149524951,58.281862780893235
550,50.457567265526485,58.28474858649762
551,50.46576303580346,58.30879537351209
552,50.59693746197914,58.311681179116476
553,50.766259624746255,58.31456698472086
554,50.79754722496237,58.3555026701319
555,50.82883482517848,58.358388475736284
556,50.903472452291986,58.36127428134067
557,50.91166822256896,58.375191498368814
558,51.056145955498025,58.3780773039732
559,51.15717128312127,58.439012603507464
560,51.16536705339825,58.44189840911186
561,51.187643278008274,58.540665822352615
562,51.26211315654027,58.57293529143624
563,51.27030892681726,58.628749313677154
564,51.366888317171245,58.63163511928154
565,51.45265677735828,58.645231850793024
566,51.53850607211272,58.72062866872854
567,51.66442930786612,58.72351447433292
568,51.7598228425112,58.72640027993731
569,51.76801861278818,58.729286085541695
570,51.87323671371869,58.73217189114608
571,51.93129517076305,58.78124328863678
572,51.939490941040034,58.784129094241166
573,52.03496452843414,58.78701489984555
574,52.19724015153569,58.78990070544994
575,52.20543592181267,58.974941923322945
576,52.24443246299876,58.998768801213224
577,52.43638995390768,59.00165460681761
578,52.55381303607131,59.004540412422
579,52.562008806348295,59.06125644894647
580,52.66495718587238,59.13180529624002
581,52.673152956149366,59.20040203554585
582,52.68134872642635,59.203287841150235
583,52.689544496703334,59.227114719040515
584,52.77557728325345,59.33568184970877
585,52.83737572696823,59.359652880772146
586,52.84557149724522,59.37510567409286
587,52.91494837731959,59.51004409954506
588,52.923144147596574,59.56055781103546
589,52.957853847321665,59.58116842563534
590,52.998724457088066,59.584054231239726
591,53.11622658778018,59.67378492004633
592,53.13570568897726,59.82097150062084
593,53.143901459254245,59.864185129199846
594,53.18150980195785,59.925135539448355
595,53.246150917220085,59.92802134505274
596,53.31351601635099,60.0128180635286
597,53.38365619376187,60.03042081400148
598,53.451667975307046,60.03330661960587
599,53.47538257332811,60.09400322588722
600,53.60808462736968,60.164460475991106
601,53.66213885957059,60.31055563869685
602,53.670334629847574,60.31344144430123
603,53.73034103968333,60.37447029401378
604,53.738536809960316,60.42264002696347
605,53.85861596395539,60.49684809234784
606,53.94306798626949,60.62006762709218
607,53.951263756546474,60.69465290538341
608,53.974176471691955,60.69753871098779
609,53.98237224196894,60.76798825853772
610,54.00027893888603,60.880069222761946
611,54.02709988025778,60.93005008665093
612,54.16580485736658,60.99485795566132
613,54.174000627643565,61.127914017280304
614,54.2462142575014,61.1307998228847
615,54.254410027778384,61.14696885252299
616,54.290275926677815,61.26278995438082
617,54.3437556243001,61.306964512997844
618,54.351951394577085,61.30985031860223
619,54.36014716485407,61.34621373703309
620,54.368342935131054,61.45294797696399
621,54.511805338715114,61.45583378256838
622,54.6341677647772,61.47800399201425
623,54.64236353505419,61.54209026308073
624,54.70346543737524,61.56169195687382
625,54.788332500450714,61.56457776247821
626,54.928627260532245,61.5674635680826
627,55.031575640056325,61.57034937368699
628,55.05444296580797,61.59486069200939
629,55.062638736084956,61.630421337103186
630,55.16043316352754,61.73740895292273
631,55.16862893380453,61.740294758527114
632,55.289662312520605,61.80043562693872
633,55.34963825823875,61.85703494547342
634,55.35783402851573,61.87063167698491
635,55.541418336690484,61.87351748258929
636,55.54961410696747,61.952621932532324
637,55.55780987724445,62.10738702261928
638,55.60465329474853,62.240492596652174
639,55.67141635231343,62.31439672966176
640,55.67961212259041,62.36254869920573
641,55.7761063368777,62.42987462756639
642,55.78430210715469,62.43276043317078
643,55.872040817827894,62.549011065760034
644,55.97291023720227,62.55189687136442
645,55.981106007479255,62.70403361243616
646,56.038512384217405,62.76021291810541
647,56.19676606602851,62.84233910337973
648,56.306159260901985,62.84522490898412
649,56.37862862190892,62.89258556679026
650,56.38682439218591,62.92021369371052
651,56.39502016246289,63.026775504715474
652,56.403215932739876,63.118657398180765
653,56.41141170301686,63.12154320378515
654,56.435126301037926,63.160614402026894
655,56.49556693330474,63.16350020763129
656,56.53670161016445,63.16350020763129
657,56.59401476475025,63.22116327968566
658,56.67986405950469,63.31456144063691
659,56.897595692077324,63.37238584940072
660,56.951619793346325,63.42080461629752
661,56.95981556362331,63.47440728973531
662,56.96801133390029,63.64685680303122
663,56.97620710417728,63.71855627571806
664,57.07583878543439,63.71855627571806
665,57.084034555711376,63.85026131257972
666,57.16474133831948,63.88373892540619
667,57.172937108596464,63.93085779677434
668,57.304383401175585,64.02045645393994
669,57.31257917145257,64.02045645393994
670,57.45099562259693,64.1827189243344
671,57.53684491735137,64.1827189243344
672,57.66746016271803,64.1827189243344
673,57.816224180301916,64.23600940315588
674,57.8244199505789,64.25307405647636
675,57.832615720855884,64.25307405647636
676,57.84081149113287,64.31353331084487
677,57.88168210089926,64.51414757088106
678,57.889877871176246,64.56914747612497
679,57.920859296466254,64.59943801359817
680,58.073255469660374,64.67853261615616
681,58.18324128033299,64.7226916046528
682,58.19143705060998,64.8350719908821
683,58.19963282088696,64.8350719908821
684,58.207828591163945,64.8986785664654
685,58.2406930049891,65.04649711983008
686,58.37759980847005,65.16083460083081
687,58.4004671342217,65.16083460083081
688,58.409116041589144,65.27040036907242
689,58.41731181186613,65.35104621280473
690,58.48138792760901,65.38133675027794
691,58.54101132856452,65.47823197380094
692,58.54920709884151,65.49859774870711
693,58.55740286911849,65.56704772729077
694,58.60114408114284,65.67662023244871
695,58.609339851419826,65.71009784527519
696,58.68044627386373,65.72938224911667
697,58.70370320596025,65.75032332140256
698,58.71189897623724,65.79626155063008
699,58.88133896742556,65.90673474891398
700,58.88953473770255,66.03194527528561
701,58.934677312602886,66.19294622567148
702,58.988811312107394,66.2627709033648
703,59.02053092414125,66.31606440342966
704,59.02872669441823,66.34301171026048
705,59.036922464695216,66.34301171026048
706,59.0451182349722,66.34301171026048
707,59.12627871087047,66.34301171026048
708,59.149993308891545,66.34301171026048
709,59.15818907916853,66.34301171026048
710,59.23839177696368,66.34301171026048
711,59.270378571879405,66.34301171026048
712,59.34253204422938,66.40373831193273
713,59.41700192276139,66.44774435541858
714,59.42519769303838,66.44774435541858
715,59.519458414100484,66.45745528205869
716,59.52765418437747,66.52335053197095
717,59.60429268959814,66.55866666404268
718,59.612488459875124,66.55866666404268
719,59.68369161632923,66.55866666404268
720,59.78725060393275,66.58406416903219
721,59.87805090615619,66.63869737130176
722,59.886246676433174,66.73151242768594
723,59.89444244671016,66.73151242768594
724,59.90263821698714,66.79444182511938
725,59.955308839465886,66.79444182511938
726,60.10080015123881,66.86210486680854
727,60.12214729953083,66.86210486680854
728,60.24397378892504,66.98329716240396
729,60.278757205191894,66.98329716240396
730,60.285686896873486,66.98329716240396
731,60.29388266715047,67.05221347136518
732,60.52380287918633,67.0816260437918
733,60.53199864946331,67.12120772341855
734,60.55571324748438,67.14157349832472
735,60.56390901776136,67.205264634498
736,60.635112174215465,67.25258941524466
737,60.66259234833393,67.25258941524466
738,60.670788118610915,67.37579410101554
739,60.78385750166573,67.42870023305962
740,60.81584429658145,67.55479717892969
741,60.91105382851098,67.57401814258438
742,60.97211559298876,67.62879197153245
743,60.98031136326574,67.67462095122166
744,61.02518051241769,67.69570617668064
745,61.11325142459945,67.74672224855456
746,61.16545323836228,67.76230623293745
747,61.2404650999414,67.79052479888466
748,61.39618395718818,67.82999507396796
749,61.53703297296126,67.82999507396796
750,61.7431034722263,67.95516027434546
751,61.80550017261042,68.12343057598251
752,61.92049273931182,68.12343057598251
753,62.07132436432543,68.16758956447916
754,62.20172478137148,68.26835068942644
755,62.32986940260688,68.26835068942644
756,62.45756881946511,68.26835068942644
757,62.46576458974209,68.3366478559687
758,62.612821082443325,68.3521666837128
759,62.65042942514693,68.43633505129999
760,62.748283508909125,68.45324404501739
761,62.84162650902833,68.45324404501739
762,62.849822279305315,68.46684077652887
763,62.97639326133068,68.46684077652887
764,63.00811287336453,68.52134247666906
765,63.016308643641516,68.52134247666906
766,63.0245044139185,68.57671092157635
767,63.032700184195484,68.57671092157635
768,63.09846280581862,68.74465857483
769,63.106658576095604,68.79069164695046
770,63.20991195018561,68.84420367578883
771,63.36004970103579,68.85342745155994
772,63.43892152415727,68.86936508563
773,63.44711729443426,68.99908532804994
774,63.45531306471124,69.07114249841553
775,63.549876152187984,69.07114249841553
776,63.613078112046324,69.16837187198874
777,63.62127388232331,69.19666844532279
778,63.67529863228949,69.3142429060732
779,63.8222506904858,69.33095879426192
780,63.94932121839396,69.3768598149582
781,63.957516988670946,69.44304444857693
782,64.00971880243378,69.44304444857693
783,64.09703400019512,69.50828438046798
784,64.16047883115797,69.67935705548823
785,64.16867460143496,69.67935705548823
786,64.27162298095905,69.79129555811411
787,64.27981875123604,69.86258315606544
788,64.37900291580118,69.95613150199569
789,64.38719868607816,70.08595751791123
790,64.39539445635515,70.08595751791123
791,64.44774921512878,70.12214291054858
792,64.71548083459643,70.18260216491709
793,64.72367660487342,70.2079005024009
794,64.7958300772234,70.26141253123927
795,64.88186286377352,70.30853140260743
796,64.8900586340505,70.34471679524478
797,64.94638016792987,70.39949062419285
798,65.05084473933888,70.4711900968797
799,65.07263724112735,70.49758906226623
800,65.12388134167733,70.56379920878261
801,65.21813845667384,70.56379920878261
802,65.36286309886279,70.64601443593368
803,65.37105886913977,70.73956278186392
804,65.47408835559216,70.73956278186392
805,65.56012114214226,70.77001631530239
806,65.56831691241925,70.77001631530239
807,65.57651268269623,70.83405625928398
808,65.62894046058986,70.89758548282502
809,65.69511638962894,70.98414332534534
810,65.70331215990592,71.03797355626543
811,65.81228957588739,71.03797355626543
812,65.82048534616438,71.06842708970389
813,65.82868111644136,71.1320336652872
814,65.83687688671834,71.21781908258056
815,65.94742994977153,71.21781908258056
816,66.04638903539505,71.34168917097415
817,66.05458480567204,71.43199742298995
818,66.1214503572908,71.4901404670981
819,66.20032073063376,71.50936143075279
820,66.26633013975466,71.58719844702593
821,66.27452591003164,71.71190346458884
822,66.32855065999783,71.76391129964733
823,66.33674643027481,71.82970799637937
824,66.3449422005518,71.88800330057236
825,66.41715583040963,71.94001113563085
826,66.47688904080454,72.00171555526126
827,66.49654399699317,72.0652447788023
828,66.56010821217744,72.0652447788023
829,66.56830398245442,72.12593594037199
830,66.61431459130044,72.1733277247299
831,66.62251036157743,72.22317096539881
832,66.63070613185441,72.2821883549161
833,66.67501179415804,72.2821883549161
834,66.71087769305747,72.2821883549161
835,66.77707783725188,72.38052532934987
836,66.78527360752886,72.49349498589905
837,66.85006869634054,72.55398542666374
838,66.85826446661753,72.55398542666374
839,66.90243748867101,72.55398542666374
840,66.99628716082506,72.55398542666374
841,67.13160887155452,72.55398542666374
842,67.1398046418315,72.62604259702933
843,67.19200645559434,72.62604259702933
844,67.21882739696609,72.71164293063461
845,67.29604920450087,72.71164293063461
846,67.30424497477786,72.71164293063461
847,67.37410406389287,72.71164293063461
848,67.38229983416986,72.76946733939842
849,67.48524821369395,72.8424320450197
850,67.49344398397093,72.86279781992587
851,67.50163975424792,73.05960522355056
852,67.52973042733959,73.23210541455833
853,67.56528987598352,73.23210541455833
854,67.57348564626051,73.23210541455833
855,67.6567118722936,73.25489106957136
856,67.69810122443229,73.292940949378
857,67.75158092205457,73.36499811974359
858,67.75977669233156,73.45322262559975
859,67.76797246260854,73.45322262559975
860,67.93433869745333,73.51259551319427
861,67.98676647534694,73.51259551319427
862,67.99496224562392,73.53032032218977
863,68.03344855337411,73.54590430657264
864,68.08952756914063,73.60095976185661
865,68.25036222663404,73.60095976185661
866,68.25855799691102,73.60095976185661
867,68.266753767188,73.68925820586693
868,68.32719439945481,73.68925820586693
869,68.35990148805419,73.7140005271828
870,68.36809725833118,73.7140005271828
871,68.40828231520491,73.77229583137581
872,68.4164780854819,73.80530449892382
873,68.47327321186452,73.91583146805283
874,68.48146898214151,73.97943804363612
875,68.48966475241849,74.09747804327476
876,68.62738440414613,74.11677974593829
877,68.63558017442311,74.13086020027133
878,68.67728581297585,74.26737944612984
879,68.68548158325284,74.26737944612984
880,68.74352059419873,74.33478562329007
881,68.75171636447571,74.38462886395898
882,68.7599121347527,74.38462886395898
883,68.82193813594976,74.46862981546111
884,68.83013390622675,74.55631692834365
885,68.91223380951331,74.608245818917
886,69.0114477118305,74.608245818917
887,69.09651721751504,74.608245818917
888,69.10471298779203,74.608245818917
889,69.11290875806901,74.608245818917
890,69.121104528346,74.66451808709374
891,69.12930029862298,74.74360015389215
892,69.19241615357659,74.75672982889468
893,69.20061192385357,74.83629001237934
894,69.20880769413056,74.83629001237934
895,69.29322210874618,74.92178034993017
896,69.30141787902316,74.92178034993017
897,69.45657449100194,74.92178034993017
898,69.48781118811522,74.9511929223568
899,69.54194518761972,74.9511929223568
900,69.62126849595415,75.01445394722164
901,69.66286239752417,75.15056161455881
902,69.78167794257365,75.22307262688993
903,69.8928437123356,75.22307262688993
904,69.90103948261259,75.29834906322267
905,69.9790599305829,75.29834906322267
906,69.98725570085989,75.35033637752394
907,69.99545147113687,75.35033637752394
908,70.06469122234972,75.47350130009151
909,70.3228903740317,75.47350130009151
910,70.36622495582468,75.55891708546655
911,70.43802730168497,75.69279134189486
912,70.44622307196195,75.85009347520096
913,70.51167390504615,75.8711828697373
914,70.57575002078904,75.90296594359219
915,70.58394579106603,75.90296594359219
916,70.59214156134301,75.98557047553865
917,70.63384719989575,76.00593625044482
918,70.72260105515167,76.00593625044482
919,70.7406715447797,76.0270972318549
920,70.85502378807897,76.08857129605911
921,70.88917101592821,76.08857129605911
922,70.94318278902921,76.14200584644064
923,70.95137855930619,76.14200584644064
924,70.95957432958318,76.14200584644064
925,70.96777009986016,76.19479400004614
926,71.02618740643915,76.19479400004614
927,71.03438317671613,76.24391138435496
928,71.12515989334338,76.30142168570384
929,71.13335566362036,76.30142168570384
930,71.19177297019935,76.36188094007237
931,71.19996874047634,76.42954398176153
932,71.20816451075332,76.44068477970796
933,71.24936894857831,76.47441257815059
934,71.31623575167731,76.47441257815059
935,71.3244315219543,76.47441257815059
936,71.33262729223128,76.47441257815059
937,71.34082306250826,76.47441257815059
938,71.4252387658372,76.47441257815059
939,71.43343453611418,76.55037148103419
940,71.44163030639116,76.5636547050681
941,71.58923094160767,76.5636547050681
942,71.59742671188465,76.5636547050681
943,71.6212064665445,76.58071935838858
944,71.65407088036966,76.58071935838858
945,71.73673684569295,76.6437267445657
946,71.74493261596993,76.69125787360458
947,71.80627616611312,76.70228928502834
948,71.87939049141343,76.75954434783556
949,71.88758626169042,76.79468315935155
950,71.8957820319674,76.81026714373442
951,71.90397780224438,76.82129855515818
952,72.02875781338483,76.85449213701989
953,72.0871751199638,76.88850575989703
954,72.1888699985535,76.88850575989703
955,72.19706576883048,76.88850575989703
956,72.2752781430063,76.90444339396709
957,72.38466696138728,76.90444339396709
958,72.46259135142053,76.98660193657463
959,72.57644987281854,76.98660193657463
960,72.68506370555322,77.04290842641487
961,72.72267204825683,77.04290842641487
962,72.78916312272682,77.04290842641487
963,72.82375785839034,77.07638603924134
964,72.89884386024366,77.07638603924134
965,72.90703963052064,77.20205965134497
966,72.91523540079763,77.20205965134497
967,72.96790602327637,77.20205965134497
968,72.97610179355335,77.20205965134497
969,73.03352144845785,77.2349985579277
970,73.04171721873483,77.2349985579277
971,73.12271569937731,77.2349985579277
972,73.20296864001986,77.26573913656259
973,73.26536534040399,77.33870384218389
974,73.43282638452493,77.33870384218389
975,73.45248134071356,77.37344363358265
976,73.46067711099055,77.37344363358265
977,73.51799026557634,77.44326831127599
978,73.60244228789045,77.50916356118825
979,73.66241823360859,77.5461103658116
980,73.67061400388558,77.5461103658116
981,73.70346934297234,77.5461103658116
982,73.7636729483078,77.59915661984816
983,73.77186871858478,77.66020060078402
984,73.77313479718018,77.73803761705716
985,73.88909224664742,77.77761929668391
986,73.94902810658458,77.82343984690377
987,73.95029418517997,77.82343984690377
988,73.95156026377536,77.82343984690377
989,73.97204730602544,77.82343984690377
990,73.97331338462084,77.82343984690377
991,74.08898083059265,77.87071449486238
992,74.12726166113896,77.91992510132356
993,74.12852773973435,77.9312884237715
994,74.16862131477191,77.9312884237715
995,74.22466122231539,77.9312884237715
996,74.29349874541029,77.9312884237715
997,74.29476482400568,77.98457890259299
998,74.34129706654065,78.02139042293575
999,74.41238782282937,78.11700700890087
1000,74.55786438644273,78.27296849460035
1001,74.62534061155449,78.29306226723887
1002,74.62660669014988,78.29306226723887
1003,74.67642330280033,78.29306226723887
1004,74.84622348432093,78.29306226723887
1005,74.84748956291632,78.29306226723887
1006,74.87184747145086,78.35893844272344
1007,74.92678704005164,78.40621309068207
1008,74.9867934498874,78.40621309068207
1009,74.9880595284828,78.5381027663936
1010,74.98932560707819,78.55125414440865
1011,75.04864117960345,78.60430039844519
1012,75.07441857652125,78.60430039844519
1013,75.13368902903406,78.60430039844519
1014,75.18089333685698,78.60430039844519
1015,75.19544263948629,78.64843930836487
1016,75.20807204052963,78.64843930836487
1017,75.20933811912502,78.71283113426
1018,75.21060419772041,78.71283113426
1019,75.2118702763158,78.76634316309837
1020,75.2131363549112,78.76634316309837
1021,75.21440243350659,78.76634316309837
1022,75.2600783688465,78.76634316309837
1023,75.29435311498989,78.85882762586837
1024,75.34152021428157,78.85882762586837
1025,75.46261843484,78.85882762586837
1026,75.60371102207064,78.91928688023688
1027,75.69146116134922,78.95811437667905
1028,75.69272723994462,79.00795761734796
1029,75.79978322273017,79.00795761734796
1030,75.80104930132556,79.15207009432012
1031,75.87437255028654,79.31861797904187
1032,75.87563862888193,79.40662825540518
1033,75.89699848011584,79.5331492700664
1034,75.89826455871123,79.66057988631265
1035,75.93729029858847,79.7264751362249
1036,75.93855637718386,79.7264751362249
1037,76.07089644613333,79.78153059150888
1038,76.13153541232325,79.82600544371064
1039,76.1716289873608,79.84530714637417
1040,76.25227058954164,79.84530714637417
1041,76.33614120008349,79.84530714637417
1042,76.36792427393837,79.89283827541306
1043,76.36919035253376,79.89283827541306
1044,76.37045643112916,79.9002211041851
1045,76.39639115327273,79.94034451914308
1046,76.46371427422233,80.02436874994007
1047,76.55406175521117,80.0355095478865
1048,76.64133763127022,80.10308099238601
1049,76.64260370986561,80.1043470709814
1050,76.68802877695765,80.22472599253
1051,76.81847529503463,80.22472599253
1052,76.95601939558188,80.22472599253
1053,77.01057897424212,80.25028085530636
1054,77.04503863469922,80.30895188812838
1055,77.04630471329462,80.30895188812838
1056,77.09741403255892,80.30895188812838
1057,77.09868011115431,80.47673495091212
1058,77.0999461897497,80.58113121788924
1059,77.1012122683451,80.58113121788924
1060,77.12237324975517,80.58113121788924
1061,77.12363932835056,80.58113121788924
1062,77.17084363617349,80.58113121788924
1063,77.22093880635225,80.64162165865395
1064,77.22220488494764,80.64162165865395
1065,77.22347096354304,80.67191219612715
1066,77.2797924974224,80.70220273360036
1067,77.2810585760178,80.71089894262026
1068,77.28232465461319,80.72183118653831
1069,77.28359073320858,80.72183118653831
1070,77.37421075440687,80.7365481314068
1071,77.37547683300227,80.7365481314068
1072,77.39782813705665,80.7365481314068
1073,77.42731278159926,80.81276677574544
1074,77.49018523362778,80.81276677574544
1075,77.57418506512644,80.86477461080393
1076,77.57545114372184,80.86477461080393
1077,77.62986500218342,80.97167991911759
1078,77.63113108077881,81.07575770791247
1079,77.63239715937421,81.07575770791247
1080,77.6336632379696,81.07575770791247
1081,77.66485514732813,81.07575770791247
1082,77.67638097902247,81.07575770791247
1083,77.77543570580542,81.13624814867718
1084,77.82581916870963,81.16670168211564
1085,77.85777814711726,81.16670168211564
1086,77.97034209969493,81.2213348843852
1087,77.98058988738391,81.29135148828404
1088,77.9818559659793,81.36136809218286
1089,77.9831220445747,81.41614192113094
1090,78.05631349984446,81.47353831569936
1091,78.12571037268677,81.5221577347021
1092,78.12697645128216,81.60526829423705
1093,78.12824252987755,81.60526829423705
1094,78.12950860847295,81.60526829423705
1095,78.2099846509857,81.64484997386378
1096,78.26439850944729,81.64484997386378
1097,78.34826911998914,81.64484997386378
1098,78.39535120140854,81.71690714422937
1099,78.42929211949335,81.76273612391857
1100,78.52020079183428,81.77409944636652
1101,78.60637412054811,81.81155091759926
1102,78.6173511257836,81.81155091759926
1103,78.67676024848716,81.85631499784354
1104,78.67802632708255,81.87303088603224
1105,78.70998530549016,81.93131449709607
1106,78.73783903007543,81.93131449709607
1107,78.73910510867083,81.93131449709607
1108,78.84472493084095,81.93131449709607
1109,78.88926483868377,82.0119490364157
1110,78.89053091727916,82.03669135773157
1111,78.90870598959195,82.03669135773157
1112,78.90997206818734,82.03669135773157
1113,79.10754742396202,82.03669135773157
1114,79.15903503885941,82.03669135773157
1115,79.22457470818476,82.14040800485247
1116,79.22584078678015,82.30089905766712
1117,79.2930021152878,82.36346115167231
1118,79.2942681938832,82.36346115167231
1119,79.30540899182964,82.40378897464693
1120,79.40142767967214,82.43371480541006
1121,79.45732696053709,82.43371480541006
1122,79.45859303913248,82.43371480541006
1123,79.45985911772787,82.5097635638504
1124,79.46112519632327,82.5097635638504
1125,79.54735912300629,82.5189873396215
1126,79.57644949655959,82.53370428449
1127,79.57771557515498,82.59198789555383
1128,79.60349297207277,82.65136078314835
1129,79.70068554961557,82.73777720070368
1130,79.70195162821096,82.75106042473759
1131,79.74204520324852,82.75106042473759
1132,79.84114376034594,82.83366495668405
1133,79.8864158824272,82.83366495668405
1134,79.8876819610226,82.83366495668405
1135,79.88894803961799,82.89794721354943
1136,79.89021411821338,82.95545751489831
1137,79.89148019680877,83.01597839210538
1138,79.97999027178155,83.01597839210538
1139,79.98125635037694,83.01597839210538
1140,80.04296525499497,83.01597839210538
1141,80.09122181767398,83.04380268706328
1142,80.14578139633423,83.11891603014473
1143,80.16745976038627,83.14936956358318
1144,80.21399200292123,83.207193972347
1145,80.21525808151662,83.33732609440162
1146,80.24732493102113,83.38335916652208
1147,80.28450321422221,83.4734726327515
1148,80.2857692928176,83.49277433541502
1149,80.287035371413,83.57406129719666
1150,80.28830145000839,83.68963816518797
1151,80.28956752860378,83.82710369786736
1152,80.29083360719918,83.82710369786736
1153,80.34547969387214,83.82710369786736
1154,80.34674577246753,83.82710369786736
1155,80.36209230539596,83.85755723130582
1156,80.47395630755747,83.91357822107237
1157,80.47522238615286,83.91357822107237
1158,80.47648846474826,83.91357822107237
1159,80.47775454334365,83.91357822107237
1160,80.62135753654852,83.96636637467789
1161,80.78461848889124,83.96636637467789
1162,80.78588456748663,83.96636637467789
1163,80.78715064608203,83.96636637467789
1164,80.91665962886808,83.96636637467789
1165,80.95411110010082,84.0383509043706
1166,80.95537717869621,84.0383509043706
1167,81.1083513387253,84.08417988405981
1168,81.1679127215137,84.21218973424047
1169,81.22395262905717,84.27808498415273
1170,81.22521870765256,84.42008329677721
1171,81.27001676969186,84.42008329677721
1172,81.27128284828726,84.42008329677721
1173,81.27254892688265,84.48084321937888
1174,81.40458817937144,84.60868423204153
1175,81.40585425796684,84.60868423204153
1176,81.40712033656223,84.60868423204153
1177,81.45365257909721,84.68075962440115
1178,81.4549186576926,84.80563254612011
1179,81.4921619880645,84.8598941146567
1180,81.49342806665989,84.90831288155348
1181,81.54670198031377,85.02178271674275
1182,81.70804795772332,85.02178271674275
1183,81.76305206851417,85.02178271674275
1184,81.76431814710956,85.04829664619085
1185,81.76558422570496,85.04829664619085
1186,81.76685030430035,85.11763749648959
1187,81.7921934031016,85.11763749648959
1188,81.793459481697,85.20990082855546
1189,81.79472556029239,85.26756390060984
1190,81.79599163888778,85.26756390060984
1191,81.8430860484752,85.26756390060984
1192,81.8443521270706,85.28276614659099
1193,81.88871094611446,85.28276614659099
1194,81.90688601842723,85.30313192149715
1195,81.90815209702262,85.30313192149715
1196,81.90941817561801,85.30313192149715
1197,81.91068425421341,85.39143036550746
1198,81.94393961940555,85.44025945709083
1199,81.98873768144486,85.47106022799994
1200,82.04800813395768,85.51521921649659
1201,82.04927421255307,85.5610481961858
1202,82.21392076101976,85.57512865051883
1203,82.23559912507179,85.57512865051883
1204,82.30895505993622,85.58435242628994
1205,82.31022113853162,85.732206369846
1206,82.42761972357081,85.732206369846
1207,82.54047254757053,85.732206369846
1208,82.62458208761501,85.732206369846
1209,82.6617603708161,85.74657246341175
1210,82.74409648552783,85.86923583055753
1211,82.78154795676059,85.90296362900015
1212,82.78281403535598,85.93672838329648
1213,82.78408011395138,86.00262363320874
1214,82.89996818343363,86.00262363320874
1215,82.90123426202902,86.05591713327361
1216,82.90250034062441,86.05591713327361
1217,82.9037664192198,86.05591713327361
1218,82.9050324978152,86.11100356050022
1219,82.90629857641059,86.20541331596276
1220,83.00678787173173,86.24488359104606
1221,83.07134439765446,86.24488359104606
1222,83.24208429022062,86.27836120387254
1223,83.3013998627459,86.2968151297459
1224,83.30266594134129,86.30374482142749
1225,83.40656341421109,86.42064292706748
1226,83.40782949280648,86.42064292706748
1227,83.46291759395653,86.44128609762564
1228,83.46418367255193,86.44128609762564
1229,83.46544975114732,86.557798805253
1230,83.46671582974271,86.59812662822762
1231,83.50377655758061,86.77029901375974
1232,83.505042636176,86.77029901375974
1233,83.52667448967756,86.86631130607942
1234,83.60154916196453,86.90984328952334
1235,83.60281524055992,86.97033373028805
1236,83.60408131915531,87.045099119963
1237,83.72837767359029,87.13196862104449
1238,83.72964375218568,87.13196862104449
1239,83.73090983078107,87.1479129164264
1240,83.78371334949439,87.1688539887123
1241,83.78497942808978,87.19351355752208
1242,83.81975537496093,87.21991252290861
1243,83.85743026448898,87.21991252290861
1244,83.9167007170018,87.23247951062493
1245,83.9179667955972,87.23247951062493
1246,84.02135522531466,87.30315556346943
1247,84.02262130391006,87.39054416634818
1248,84.04767840714419,87.39054416634818
1249,84.04894448573958,87.4378188143068
1250,84.05021056433498,87.4378188143068
1251,84.11639519795371,87.4378188143068
1252,84.1373362702396,87.45703977796148
1253,84.19909278959969,87.45703977796148
1254,84.20035886819508,87.51292012342739
1255,84.20162494679047,87.55067978470923
1256,84.2266820500246,87.58581859622522
1257,84.29987350529437,87.63964882714531
1258,84.30113958388976,87.64935975378542
1259,84.30240566248516,87.64935975378542
1260,84.42011908977365,87.69668453453207
1261,84.44442609520533,87.69668453453207
1262,84.47391073974794,87.69668453453207
1263,84.5286888471817,87.78070059674845
1264,84.52995492577709,87.78070059674845
1265,84.53122100437248,87.81826339375604
1266,84.53248708296788,87.91246805987063
1267,84.53375316156327,87.95662704836728
1268,84.53501924015866,87.95662704836728
1269,84.53628531875405,87.95662704836728
1270,84.67326872961713,88.01727294369195
1271,84.67453480821253,88.06200623236725
1272,84.7159243017659,88.06200623236725
1273,84.71719038036129,88.06200623236725
1274,84.71845645895668,88.16138444784768
1275,84.71972253755207,88.16138444784768
1276,84.74801911088612,88.16138444784768
1277,84.82693871395897,88.22759459436406
1278,84.96542450253102,88.22759459436406
1279,84.98387842840438,88.2612570374296
1280,84.99252733577183,88.35265006535728
1281,85.18813028832032,88.36003289412933
1282,85.262361072537,88.36003289412933
1283,85.2636271511324,88.40845166102613
1284,85.26489322972779,88.46992572523035
1285,85.26615930832318,88.46992572523035
1286,85.26742538691857,88.52859550657212
1287,85.26869146551397,88.52859550657212
1288,85.32282353831016,88.62300526203465
1289,85.36510301410084,88.62300526203465
1290,85.36636909269623,88.65329579950786
1291,85.38338092456873,88.72864406389218
1292,85.41457283392725,88.72864406389218
1293,85.41583891252264,88.72864406389218
1294,85.47552477160711,88.72864406389218
1295,85.59995903196348,88.77391022783175
1296,85.70152507674007,88.85013016088371
1297,85.79975326737252,88.9177016053832
1298,85.9194749324171,89.01238002377653
1299,85.9207410110125,89.01238002377653
1300,85.9718503302768,89.03247379641505
1301,86.0669767355241,89.03247379641505
1302,86.14076473726662,89.03247379641505
1303,86.23750803155382,89.06425687026993
1304,86.29734139743712,89.06425687026993
1305,86.3352808549075,89.13786546396152
1306,86.38055297698874,89.2026318458856
1307,86.52451896858936,89.29618019181585
1308,86.52578504718475,89.29744627041124
1309,86.52705112578015,89.33335847501694
1310,86.6632529540081,89.39092532636309
1311,86.6645190326035,89.39092532636309
1312,86.7254926225087,89.51738176163897
1313,86.76451836238593,89.51738176163897
1314,86.81641359045553,89.59391121025581
1315,86.81767966905092,89.65792906983665
1316,86.87699524157618,89.71559214189104
1317,86.95447996451023,89.71559214189104
1318,86.95574604310562,89.77315899323719
1319,86.95701212170101,89.77315899323719
1320,87.01210022285105,89.83608839067061
1321,87.05813038169072,89.88032039828724
1322,87.08761502623332,89.88032039828724
1323,87.08888110482872,89.89003132492735
1324,87.09014718342411,89.89003132492735
1325,87.0914132620195,89.89003132492735
1326,87.0926793406149,90.07147464171535
1327,87.09394541921029,90.07147464171535
1328,87.09521149780568,90.07147464171535
1329,87.12350807113972,90.07147464171535
1330,87.12477414973512,90.07147464171535
1331,87.1996488220221,90.1092343029972
1332,87.20091490061749,90.12475313074128
1333,87.21364016512453,90.19476973464012
1334,87.21490624371992,90.23252939592196
1335,87.22593765514367,90.23252939592196
1336,87.22720373373906,90.24612612743344
1337,87.31197083856958,90.24612612743344
1338,87.36652739598645,90.29590447476623
1339,87.44030448691296,90.29590447476623
1340,87.63685935695432,90.29590447476623
1341,87.6956357368986,90.29590447476623
1342,87.69690181549399,90.29590447476623
1343,87.77207202709897,90.32909805662794
1344,87.77333810569436,90.37436422056751
1345,87.80727902377916,90.37436422056751
1346,87.83449655994681,90.40505712037975
1347,87.88288150991035,90.45527865668176
1348,88.09709290188161,90.51005248562983
1349,88.16234128491458,90.51005248562983
1350,88.16360736350997,90.61319711917335
1351,88.23990389786147,90.6848965918602
1352,88.24116997645686,90.80433416524099
1353,88.36930018599088,90.85816439616107
1354,88.3898679672498,90.85816439616107
1355,88.39113404584519,90.87924962162006
1356,88.39240012444058,90.89179903113555
1357,88.45223349032389,90.92777628291205
1358,88.45349956891928,90.9763957019148
1359,88.62341724513415,91.03712606198263
1360,88.62468332372954,91.10269031453772
1361,88.67357730821094,91.10269031453772
1362,88.67484338680633,91.10269031453772
1363,88.67610946540172,91.19623866046797
1364,88.76839470097902,91.19623866046797
1365,88.84136025226124,91.19623866046797
1366,88.93226213542896,91.19623866046797
1367,88.93352821402435,91.25087186273753
1368,89.01980877684048,91.28156476254976
1369,89.07489687799053,91.28156476254976
1370,89.12234854847222,91.42178965382953
1371,89.12361462706761,91.42178965382953
1372,89.124880705663,91.42178965382953
1373,89.1261467842584,91.42178965382953
1374,89.18108635285918,91.45873645845289
1375,89.18108635285918,91.5223430340362
1376,89.21636605433171,91.5953399470163
1377,89.30729044641232,91.61085877476039
1378,89.30855652500772,91.61085877476039
1379,89.37603275011949,91.69164329099478
1380,89.49824063333816,91.73111356607808
1381,89.55701701328243,91.78862386742696
1382,89.56116889748222,91.80871764006548
1383,89.635379974864,91.80871764006548
1384,89.67611632854269,91.80871764006548
1385,89.67738240713808,91.90642466700265
1386,89.67864848573348,91.90642466700265
1387,89.73579490979478,91.9594040614272
1388,89.73706098839017,91.99621558176996
1389,89.75754803064025,91.99621558176996
1390,89.75881410923564,91.99621558176996
1391,89.84493166733975,92.13820022030225
1392,89.90083094820471,92.19676037010632
1393,89.9020970268001,92.29271483242339
1394,89.9033631053955,92.30526424193887
1395,89.95317971804594,92.30526424193887
1396,89.97374749930486,92.40189175235562
1397,90.02964678016983,92.40189175235562
1398,90.07818750672384,92.44772073204481
1399,90.19162354604495,92.44772073204481
1400,90.24016427259896,92.52397698408194
1401,90.25717610447145,92.52397698408194
1402,90.25717610447145,92.5827173153223
1403,90.25844218306685,92.5827173153223
1404,90.25970826166224,92.5827173153223
1405,90.30307901579107,92.6556820209436
1406,90.379244661518,92.7033099268296
1407,90.4307322764154,92.82968868254946
1408,90.43199835501079,92.82968868254946
1409,90.48789763587574,92.87953192321837
1410,90.62986131533461,92.87953192321837
1411,90.63112739393,92.87953192321837
1412,90.78079211725097,92.96398385800089
1413,90.78494400145075,92.96398385800089
1414,90.78621008004615,93.00874793824515
1415,90.80107289015302,93.00874793824515
1416,90.8471030489927,93.01988873619159
1417,90.84836912758809,93.12968698768707
1418,90.84963520618348,93.17731489357308
1419,90.8736869397919,93.2172154511284
1420,90.91442329347059,93.2172154511284
1421,90.95670276926127,93.23830484566471
1422,91.01436584131565,93.32238779759183
1423,91.01563191991104,93.41593614352207
1424,91.07195345379041,93.45804081905551
1425,91.16825331545041,93.45804081905551
1426,91.2182932046918,93.49505557100643
1427,91.2195592832872,93.53261836801403
1428,91.2988711931425,93.5846056823153
1429,91.3001372717379,93.65592794209529
1430,91.40856972500704,93.65592794209529
1431,91.40983580360243,93.72096490857399
1432,91.41110188219783,93.79478375067096
1433,91.41236796079322,93.82137139666082
1434,91.44066453412727,93.82137139666082
1435,91.49491000714721,93.87238746853475
1436,91.4961760857426,94.03919724814742
1437,91.53845556153328,94.10547135640245
1438,91.53972164012868,94.12469232005714
1439,91.58940648562086,94.12469232005714
1440,91.67278827379356,94.12469232005714
1441,91.72734483121044,94.30888789918903
1442,91.72861090980584,94.35788294470176
1443,91.7388586974948,94.41251614697133
1444,91.7401247760902,94.47065919107948
1445,91.74139085468559,94.56887032952073
1446,91.81172942165996,94.60206391138243
1447,91.90746477489415,94.65626484148957
1448,91.93640098211199,94.65626484148957
1449,91.94792681380633,94.70154876883488
1450,91.97948342987493,94.70154876883488
1451,92.06711682567007,94.7609216564294
1452,92.06838290426546,94.7609216564294
1453,92.13722042736036,94.7609216564294
1454,92.13848650595575,94.7609216564294
1455,92.14771028172686,94.78559029997757
1456,92.19315091893927,94.83291508072423
1457,92.19441699753466,94.93884461000175
1458,92.28362044467552,95.01076998667612
1459,92.2984832547824,95.06665033214202
1460,92.3489732180053,95.06665033214202
1461,92.36495624146919,95.12956098430894
1462,92.36622232006458,95.12956098430894
1463,92.40505119566757,95.24709924856907
1464,92.40631727426296,95.29621663287789
1465,92.46625313420012,95.34044864049451
1466,92.58850381635452,95.35373186452843
1467,92.62574714672641,95.35373186452843
1468,92.63727297842074,95.38904799660015
1469,92.63853905701613,95.45364713027838
1470,92.63980513561152,95.45364713027838
1471,92.64107121420692,95.45364713027838
1472,92.73243187729187,95.45364713027838
1473,92.76439085569949,95.45364713027838
1474,92.86616728537712,95.47920199305474
1475,92.96455971299585,95.4865848218268
1476,92.96582579159124,95.4865848218268
1477,92.99738240765984,95.4865848218268
1478,92.99864848625523,95.4865848218268
1479,93.07242557718175,95.5160694663694
1480,93.07369165577714,95.5160694663694
1481,93.10262786299498,95.56135339371471
1482,93.15718442041187,95.56135339371471
1483,93.15845049900726,95.61665318015778
1484,93.15971657760265,95.61665318015778
1485,93.18757030218791,95.61665318015778
1486,93.33598740015134,95.6753242129798
1487,93.33725347874673,95.69462591564334
1488,93.33851955734212,95.70576671358978
1489,93.39265163013832,95.78023611620367
1490,93.43995078085416,95.78945989197476
1491,93.47545346292358,95.78945989197476
1492,93.54286311741126,95.78945989197476
1493,93.61773778969824,95.8384549374875
1494,93.73274161168808,95.89918529755533
1495,93.73400769028348,95.93951312052995
1496,93.73527376887887,95.93951312052995
1497,93.75563954378504,95.96889678400919
1498,93.83279554734062,96.13634926294901
1499,93.91319343702523,96.13634926294901
1500,93.96828153817528,96.1901794938691
1501,93.96954761677067,96.20612378925101
1502,94.02895673947422,96.2308661105669
1503,94.08221013237089,96.29488397014774
1504,94.12876013831159,96.29488397014774
1505,94.13002621690698,96.29488397014774
1506,94.17811381947678,96.29488397014774
1507,94.17937989807217,96.29488397014774
1508,94.18064597666756,96.29488397014774
1509,94.2330007354412,96.29488397014774
1510,94.23426681403659,96.29488397014774
1511,94.23553289263198,96.29488397014774
1512,94.27234441297473,96.42201620633944
1513,94.27361049157012,96.42201620633944
1514,94.32215121812415,96.4664910585412
1515,94.32341729671954,96.54302050715802
1516,94.32468337531493,96.54302050715802
1517,94.32594945391033,96.54302050715802
1518,94.32721553250572,96.62809901129927
1519,94.32848161110111,96.70015618166485
1520,94.37996922599851,96.70015618166485
1521,94.4736689248561,96.74743082962348
1522,94.47493500345149,96.81263806715934
1523,94.47620108204688,96.81263806715934
1524,94.47746716064228,96.8488234597967
1525,94.53410168414496,96.89594233116485
1526,94.63531019740232,96.92068465248073
1527,94.63657627599771,96.93221048417506
1528,94.6378423545931,96.93221048417506
1529,94.6391084331885,96.93221048417506
1530,94.69911484302426,96.97139561432842
1531,94.75376092969721,96.98998210036467
1532,94.7550270082926,97.04872243160504
1533,94.80927248131255,97.04872243160504
1534,94.81053855990794,97.04872243160504
1535,94.90621439396587,97.08628522861264
1536,94.93399440200936,97.14385207995879
1537,95.00527708450359,97.14385207995879
1538,95.00654316309898,97.14385207995879
1539,95.00780924169437,97.14385207995879
1540,95.00907532028977,97.14385207995879
1541,95.1038897448154,97.14385207995879
1542,95.1051558234108,97.14385207995879
1543,95.17834727868055,97.14385207995879
1544,95.17961335727594,97.20322496755331
1545,95.18087943587133,97.20322496755331
1546,95.19350883691467,97.20322496755331
1547,95.24626465263935,97.26127446148318
1548,95.24753073123475,97.27564055504895
1549,95.24879680983014,97.32893103387043
1550,95.37385026950153,97.39881674507652
1551,95.5151750202548,97.39881674507652
1552,95.5164410988502,97.43828702015983
1553,95.57527402879174,97.43828702015983
1554,95.64145866241047,97.43828702015983
1555,95.64272474100586,97.43828702015983
1556,95.76799355578908,97.43828702015983
1557,95.82782692167238,97.49657063122365
1558,95.9127933484896,97.49657063122365
1559,96.00398932938162,97.54498939812045
1560,96.06878463151807,97.56189839183784
1561,96.07005071011346,97.56189839183784
1562,96.10432545625686,97.61468654544335
1563,96.10559153485225,97.61468654544335
1564,96.16790159438351,97.61468654544335
1565,96.23277424856221,97.61468654544335
1566,96.2648410980667,97.75526946735422
1567,96.32425022077025,97.7795764727859
1568,96.34533961530659,97.7795764727859
1569,96.34660569390198,97.81762635259255
1570,96.34787177249737,97.85457315721591
1571,96.40962829185746,97.91906028481017
1572,96.41089437045285,97.94014551026916
1573,96.41216044904824,98.03455526573171
1574,96.423191860472,98.03455526573171
1575,96.61444874256685,98.15414442866447
1576,96.61571482116224,98.17969929144083
1577,96.70382578295985,98.17969929144083
1578,96.738601729831,98.17969929144083
1579,96.85824821295778,98.20628693743069
1580,96.85951429155317,98.2769629902752
1581,96.86078037014856,98.38914605193558
1582,96.86204644874395,98.38914605193558
1583,96.88253349099404,98.38914605193558
1584,96.88379956958943,98.45275262751889
1585,96.88506564818482,98.47584445745802
1586,96.88633172678021,98.53412806852185
1587,96.99265859253222,98.55007236390377
1588,96.99392467112762,98.55007236390377
1589,96.99519074972301,98.55007236390377
1590,97.06154935048173,98.57458368222618
1591,97.06281542907712,98.62659151728465
1592,97.06408150767251,98.72623589526324
1593,97.0653475862679,98.72623589526324
1594,97.0666136648633,98.77465466216003
1595,97.10544254046629,98.83231773421441
1596,97.12660352187638,98.91936265953379
1597,97.12786960047177,98.97319289045387
1598,97.17646045981381,99.0325657780484
1599,97.19060907719228,99.07061565785504
1600,97.19187515578767,99.1721938227458
1601,97.30966835572045,99.1721938227458
1602,97.38591576435712,99.25619198236743
1603,97.4755073815126,99.25619198236743
1604,97.4964484537985,99.32832903182597
1605,97.50669624148748,99.32832903182597
1606,97.50796232008287,99.32832903182597
1607,97.50922839867826,99.42851980677344
1608,97.51049447727365,99.42851980677344
1609,97.51176055586905,99.50477605881055
1610,97.54354362972393,99.50477605881055
1611,97.54480970831932,99.50477605881055
1612,97.70656183783491,99.57566345256512
1613,97.7078279164303,99.65901097472523
1614,97.7090939950257,99.65901097472523
1615,97.71036007362109,99.69848124980854
1616,97.71162615221648,99.69848124980854
1617,97.78356828365636,99.7429561020103
1618,97.82010843978681,99.7429561020103
1619,97.82426032398658,99.8516023793205
1620,97.82552640258197,99.8516023793205
1621,97.88752284124521,99.8516023793205
1622,97.90920120529724,99.92854118382543
1623,98.00515630355888,99.92854118382543
1624,98.00642238215427,99.93142698942981
1625,98.00768846074966,99.98063759589098
1626,98.08065401203189,100.04168157682685
1627,98.18222723199932,100.04168157682685
1628,98.18349331059471,100.04168157682685
1629,98.25599477410766,100.064773406766
1630,98.33986538464951,100.064773406766
1631,98.3411314632449,100.064773406766
1632,98.42956588276566,100.064773406766
1633,98.55920268909662,100.15443172025121
1634,98.62817641945517,100.22613119293804
1635,98.62944249805057,100.22613119293804
1636,98.64430530815744,100.27512623845078
1637,98.7005775763342,100.27512623845078
1638,98.70184365492959,100.31524965340876
1639,98.7325223059516,100.33083363779163
1640,98.733788384547,100.38950467061365
1641,98.73505446314239,100.4731586988074
1642,98.76932920928579,100.4731586988074
1643,98.78205447379283,100.4731586988074
1644,98.78332055238822,100.4731586988074
1645,98.78458663098361,100.53936884532378
1646,98.785852709579,100.64250558605755
1647,98.91351140740196,100.64250558605755
1648,98.91477748599735,100.70615921526331
1649,98.91604356459274,100.74310601988667
1650,98.97598067601015,100.74310601988667
1651,98.97724675460555,100.74310601988667
1652,98.97851283320094,100.74310601988667
1653,98.97977891179633,100.80124906399483
1654,99.00413682033086,100.87294853668166
1655,99.01853257392878,100.87294853668166
1656,99.06834918657923,100.87294853668166
1657,99.08433221004312,100.92250013542738
1658,99.08559828863851,100.92250013542738
1659,99.12698778219188,100.92250013542738
1660,99.12825386078727,101.05409836116428
1661,99.12951993938266,101.08068600715414
1662,99.13078601797805,101.11369467470215
1663,99.13205209657345,101.21413037686229
1664,99.13331817516884,101.21413037686229
1665,99.18357929927696,101.21413037686229
1666,99.18484537787235,101.28706544747033
1667,99.23139538381305,101.31015727740947
1668,99.25038627140393,101.3679816861733
1669,99.30366018505781,101.38807545881181
1670,99.33786517023593,101.38807545881181
1671,99.4110566255057,101.4198585326667
1672,99.45179297918439,101.47852956548871
1673,99.54724611059092,101.47852956548871
1674,99.55822311582642,101.50511721147858
1675,99.59216403391123,101.50511721147858
1676,99.65143448642405,101.50511721147858
1677,99.66741750988794,101.50511721147858
1678,99.68462788386525,101.57213487410823
1679,99.76993549360333,101.57213487410823
1680,99.82800009824744,101.57213487410823
1681,99.82926617684284,101.57213487410823
1682,99.90035693313156,101.57213487410823
1683,99.9487418830951,101.62984315643293
1684,99.95000796169049,101.62984315643293
1685,99.96701979356298,101.62984315643293
1686,99.96828587215838,101.62984315643293
1687,99.96955195075377,101.6327289620373
1688,99.97081802934916,101.7199729584147
1689,99.9919074238855,101.7199729584147
1690,99.99317350248089,101.7199729584147
1691,99.99443958107628,101.7559502101912
1692,99.99570565967167,101.81424551438421
1693,99.99697173826706,101.87252912544804
1694,99.99823781686246,102.01786629581692
1695,99.99950389545785,102.04815683329012
1696,100.01548691892174,102.04815683329012
1697,100.05048079595976,102.15117799940833
1698,100.05174687455515,102.15117799940833
1699,100.05301295315054,102.24801651175551
1700,100.05427903174593,102.30658379904342
1701,100.08192716385268,102.30658379904342
1702,100.08319324244808,102.35075835766045
1703,100.11148981578212,102.37004276150194
1704,100.24974459736286,102.37004276150194
1705,100.25101067595826,102.38107417292568
1706,100.37956713865277,102.38107417292568
1707,100.38083321724817,102.38107417292568
1708,100.38209929584356,102.45872769740315
1709,100.38336537443895,102.45872769740315
1710,100.39258915021006,102.52874430130198
1711,100.39385522880545,102.54580895462246
1712,100.42929177781997,102.65352191356797
1713,100.58979136373945,102.70860834079458
1714,100.59105744233484,102.70860834079458
1715,100.65601465710351,102.70860834079458
1716,100.69259686777063,102.77113199328434
1717,100.74670987582266,102.7897184793206
1718,100.74797595441805,102.89250099683609
1719,100.74924203301345,102.94171160329726
1720,100.75050811160884,102.94171160329726
1721,100.75177419020423,102.94171160329726
1722,100.83406251519722,102.94171160329726
1723,100.83532859379261,103.03115681058073
1724,100.8435243640696,103.15112032181386
1725,100.95182763062168,103.15112032181386
1726,100.95309370921707,103.15112032181386
1727,101.01481904218097,103.19559517401562
1728,101.01608512077637,103.24941719657026
1729,101.08194626569762,103.35008751001904
1730,101.17439549097222,103.4087572913608
1731,101.21933783613535,103.42235402287228
1732,101.22060391473075,103.51792119379732
1733,101.23174471267718,103.55164899223993
1734,101.30389818502717,103.59892364019856
1735,101.30516426362256,103.59892364019856
1736,101.30643034221795,103.65221714026343
1737,101.30769642081334,103.6969812205077
1738,101.30896249940874,103.6969812205077
1739,101.31022857800413,103.6969812205077
1740,101.36171619290153,103.6969812205077
1741,101.46062784050436,103.71250004825178
1742,101.46189391909975,103.71250004825178
1743,101.46315999769514,103.71250004825178
1744,101.51771655511202,103.71250004825178
1745,101.57850918628,103.73910384067851
1746,101.64736500646758,103.73910384067851
1747,101.73828939854818,103.7966141420274
1748,101.82726821267438,103.80989736606129
1749,101.86520767014474,103.80989736606129
1750,101.9383991254145,103.8591212506888
1751,102.06329117557318,103.99466917656886
1752,102.08314374020483,103.99466917656886
1753,102.08440981880022,104.0240528400481
1754,102.08567589739562,104.0240528400481
1755,102.08694197599101,104.09575231273496
1756,102.25741888919721,104.09575231273496
1757,102.32704810470614,104.11246820092367
1758,102.32831418330153,104.11246820092367
1759,102.32958026189692,104.16037287580905
1760,102.33084634049231,104.2166451439858
1761,102.33211241908771,104.3286066556293
1762,102.3333784976831,104.37261269911514
1763,102.36123222226836,104.43310313987983
1764,102.36249830086375,104.43310313987983
1765,102.36376437945914,104.43310313987983
1766,102.36503045805453,104.43310313987983
1767,102.41047109526694,104.58630655577238
1768,102.41173717386232,104.66386603973349
1769,102.4130032524577,104.71684543415805
1770,102.41426933105308,104.71684543415805
1771,102.48174555616484,104.71684543415805
1772,102.56867402510636,104.78022168052712
1773,102.56994010370174,104.90442460539589
1774,102.64742482663576,104.90442460539589
1775,102.71270876481199,104.98016029153837
1776,102.71397484340737,104.98016029153837
1777,102.75941548061977,104.98016029153837
1778,102.82976820312956,104.98016029153837
1779,102.83103428172494,105.02270153136479
1780,102.83230036032032,105.0685175341888
1781,102.8855742739742,105.13439370967338
1782,102.97197695509028,105.17649838520681
1783,102.97324303368566,105.34913516420856
1784,102.97450911228104,105.38427397572457
1785,103.04167044078868,105.45637558342158
1786,103.04293651938406,105.45637558342158
1787,103.10287237932121,105.45637558342158
1788,103.10413845791659,105.52225175890615
1789,103.10540453651197,105.52225175890615
1790,103.10667061510735,105.5693706302743
1791,103.10793669370273,105.625969948809
1792,103.28412026885319,105.6779777838675
1793,103.28538634744856,105.6779777838675
1794,103.28665242604396,105.74564082555666
1795,103.34517356744655,105.84825872186657
1796,103.34643964604193,105.91808339955989
1797,103.40190665474445,106.22581689800165
1798,103.40317273333983,106.22581689800165
1799,103.45949426721918,106.25140529664353
1800,103.49127734107405,106.25140529664353
1801,103.54614609310723,106.46048887908107
1802,103.5474121717026,106.46048887908107
1803,103.54867825029798,106.65228658229637
1804,103.54994432889336,106.65228658229637
1805,103.59521645097459,106.65228658229637
1806,103.65015601957536,106.7205122927646
1807,103.65142209817074,106.7205122927646
1808,103.7046754910674,106.8152649020117
1809,103.70594156966278,106.84348346795892
1810,103.70720764825816,106.90130787672274
1811,103.78289515757231,107.01659753441679
1812,103.84235355172245,107.01659753441679
1813,103.84361963031783,107.11102624688037
1814,103.92671368650436,107.11102624688037
1815,104.03843097336292,107.23236635079486
1816,104.0396970519583,107.32410584718995
1817,104.15870647401614,107.40036209922707
1818,104.16866876163142,107.40036209922707
1819,104.24619109226391,107.44453665784408
1820,104.24745717085929,107.44453665784408
1821,104.34676294749923,107.45567745579054
1822,104.34802902609461,107.5276843833087
1823,104.4544352182457,107.5276843833087
1824,104.45570129684108,107.5276843833087
1825,104.45696737543646,107.60116928252641
1826,104.5072284995446,107.60116928252641
1827,104.54625423942181,107.61588622739491
1828,104.5475203180172,107.61588622739491
1829,104.56987162207156,107.61588622739491
1830,104.57113770066694,107.61588622739491
1831,104.58333602318037,107.65941821083882
1832,104.59775347979078,107.795080974113
1833,104.71158795202207,107.90572344059194
1834,104.81640167021153,107.90572344059194
1835,104.85461455343027,107.97704570037192
1836,104.85588063202565,107.97704570037192
1837,104.88136217857297,108.09790420645129
1838,104.8939915796163,108.09790420645129
1839,104.89525765821168,108.09790420645129
1840,104.89652373680705,108.10688591554488
1841,104.89778981540243,108.15451382143087
1842,104.89905589399783,108.15451382143087
1843,104.9003219725932,108.1874527280136
1844,104.90158805118858,108.24250818329756
1845,104.99023485112286,108.30131055714146
1846,104.99150092971824,108.3126738795894
1847,104.99276700831362,108.3126738795894
1848,105.05862815323488,108.3126738795894
1849,105.11011576813226,108.40085448169225
1850,105.11138184672764,108.40085448169225
1851,105.1664781562431,108.40085448169225
1852,105.16774423483848,108.40085448169225
1853,105.24106748379943,108.40085448169225
1854,105.2423335623948,108.40085448169225
1855,105.25347436034126,108.50331494264887
1856,105.25474043893664,108.58457002820947
1857,105.31414956164016,108.58457002820947
1858,105.31541564023556,108.58457002820947
1859,105.31668171883094,108.58457002820947
1860,105.31794779742631,108.58457002820947
1861,105.34995445465658,108.58457002820947
1862,105.40223660512588,108.632453273699
1863,105.46766958704298,108.632453273699
1864,105.46893566563836,108.632453273699
1865,105.47020174423373,108.632453273699
1866,105.47146782282911,108.79515624135263
1867,105.4727339014245,108.79515624135263
1868,105.50700864756789,108.79515624135263
1869,105.53768729858989,108.80875297286411
1870,105.53895337718527,108.83955374377322
1871,105.56326038261693,108.83955374377322
1872,105.62132498726105,108.90357160335407
1873,105.6902541075456,108.95661785739063
1874,105.7780453354388,108.95661785739063
1875,105.85047603364869,109.03566107246259
1876,105.85174211224407,109.03566107246259
1877,105.85300819083946,109.08277994383074
1878,105.98299981620919,109.20030586723968
1879,106.08064480770511,109.25904619848004
1880,106.13551355973827,109.3273914999152
1881,106.13677963833365,109.3273914999152
1882,106.1857462125751,109.3725461066877
1883,106.18701229117048,109.3725461066877
1884,106.18827836976587,109.46785616283162
1885,106.18954444836125,109.54227759355038
1886,106.24371665900071,109.54227759355038
1887,106.26802366443238,109.54227759355038
1888,106.28859144569128,109.61316498730496
1889,106.28985752428666,109.61316498730496
1890,106.29112360288204,109.68298966499829
1891,106.29238968147743,109.70765830854646
1892,106.34871121535677,109.7191174944581
1893,106.41046773471685,109.77697092837846
1894,106.47732508541824,109.77697092837846
1895,106.47859116401362,109.83525453944227
1896,106.479857242609,109.99585544361348
1897,106.49670730558725,109.99585544361348
1898,106.52849037944213,110.04607697991548
1899,106.57452053828179,110.04607697991548
1900,106.57578661687717,110.06159580765957
1901,106.59172425094721,110.12780595417594
1902,106.59299032954259,110.21047897164154
1903,106.65239945224612,110.21047897164154
1904,106.6536655308415,110.25889773853832
1905,106.65493160943689,110.29922556151296
1906,106.65619768803226,110.3983315114129
1907,106.6840514126175,110.46186073495396
1908,106.68531749121288,110.55145939211957
1909,106.72172238132427,110.55145939211957
1910,106.72298845991966,110.61515052829286
1911,106.77178566755393,110.68336372301317
1912,106.83087615491313,110.78788022939916
1913,106.8321422335085,110.78788022939916
1914,106.8334083121039,110.78788022939916
1915,106.90535044354377,110.87512422577656
1916,106.90661652213915,110.87512422577656
1917,106.94107618259622,110.87639030437194
1918,106.94234226119161,110.93102350664151
1919,106.94360833978699,111.01497440714442
1920,107.14480372983166,111.01497440714442
1921,107.18008343130421,111.01497440714442
1922,107.20774847528612,111.01497440714442
1923,107.2090145538815,111.01497440714442
1924,107.21028063247688,111.08887854015401
1925,107.21154671107226,111.08887854015401
1926,107.22833161741173,111.16003429208646
1927,107.22959769600712,111.26572680261658
1928,107.2308637746025,111.26572680261658
1929,107.2514315558614,111.31284567398475
1930,107.30637112446217,111.31284567398475
1931,107.30763720305757,111.31284567398475
1932,107.45065714245933,111.32597534898727
1933,107.62763530261438,111.32597534898727
1934,107.62890138120977,111.33711614693372
1935,107.63914916889874,111.33711614693372
1936,107.67070578496732,111.45036507409466
1937,107.68742167315604,111.45036507409466
1938,107.68868775175142,111.45036507409466
1939,107.68995383034681,111.45036507409466
1940,107.69121990894219,111.45036507409466
1941,107.76801329778148,111.48994675372141
1942,107.83995542922135,111.62757320699386
1943,107.85250483873683,111.62757320699386
1944,107.9555090659413,111.62757320699386
1945,107.95677514453669,111.62757320699386
1946,107.95804122313207,111.68571625110201
1947,107.95930730172745,111.77926459703224
1948,107.96057338032283,111.84211886201129
1949,108.0208286763741,111.89066939606634
1950,108.06626931358649,111.96155678982093
1951,108.06753539218187,112.0016802047789
1952,108.06880147077725,112.0016802047789
1953,108.13342868845113,112.0016802047789
1954,108.13469476704651,112.07951722105204
1955,108.25375438172527,112.07951722105204
1956,108.30120605220695,112.07951722105204
1957,108.3290597767922,112.07951722105204
1958,108.39524441041094,112.07951722105204
1959,108.39651048900632,112.07951722105204
1960,108.46978349511987,112.10507208382839
1961,108.54986893829573,112.10507208382839
1962,108.56972150292737,112.10507208382839
1963,108.60653302327012,112.10507208382839
1964,108.6077991018655,112.17639434360838
1965,108.60906518046087,112.24771660338835
1966,108.64107183769116,112.28173022626552
1967,108.6941180917277,112.28173022626552
1968,108.71005572579774,112.29766786033557
1969,108.7601508959765,112.33280667185156
1970,108.8072329773959,112.40348272469605
1971,108.80849905599128,112.40348272469605
1972,108.88982568482713,112.40348272469605
1973,108.89109176342251,112.40348272469605
1974,108.9460313320233,112.40348272469605
1975,108.94729741061867,112.40348272469605
1976,108.94856348921405,112.5427971706799
1977,108.95954049444954,112.5427971706799
1978,109.02228063724915,112.55716326424567
1979,109.05705658412028,112.57752903915184
1980,109.1098601028336,112.57752903915184
1981,109.11112618142897,112.57752903915184
1982,109.11239226002435,112.57752903915184
1983,109.15783289723674,112.74970951632304
1984,109.15909897583212,112.74970951632304
1985,109.30279513399583,112.75840572534294
1986,109.30406121259121,112.80241176882878
1987,109.37600334403108,112.80241176882878
1988,109.37726942262645,112.83179543230801
1989,109.37853550122183,112.86372615658308
1990,109.37980157981721,112.86372615658308
1991,109.3810676584126,112.88413844203971
1992,109.395485115023,112.95664945437083
1993,109.39675119361839,112.95664945437083
1994,109.39801727221376,113.03430297884829
1995,109.39928335080916,113.03430297884829
1996,109.40054942940453,113.03430297884829
1997,109.40181550799991,113.03430297884829
1998,109.45229219305648,113.03430297884829
1999,109.45355827165186,113.03430297884829
